transaction_id,amount,time_hour,location,device,gender,region,label
1,380.79,14,UK,web,Female,Urban,0
2,951.21,11,USA,web,Female,Urban,1
3,734.67,15,UK,web,Male,Rural,1
4,602.67,23,USA,mobile,Female,Rural,0
5,164.46,18,UK,mobile,Male,Rural,0
6,164.43,7,UK,web,Male,Urban,0
7,67.5,20,USA,mobile,Male,Urban,0
8,867.51,16,Germany,web,Male,Urban,1
9,605.1,22,India,mobile,Female,Rural,0
10,710.99,4,Germany,mobile,Male,Rural,1
11,30.38,21,USA,mobile,Female,Rural,1
12,970.21,15,Germany,mobile,Female,Rural,0
13,834.12,5,UK,web,Male,Urban,1
14,220.22,7,India,mobile,Female,Urban,0
15,190.01,17,USA,web,Female,Urban,0
16,191.57,11,USA,web,Male,Urban,0
17,311.2,14,USA,web,Female,Rural,0
18,529.51,8,India,mobile,Female,Rural,0
19,437.63,12,UK,web,Female,Rural,0
20,298.32,14,USA,web,Female,Urban,0
21,615.73,9,Germany,web,Male,Urban,0
22,148.1,15,USA,mobile,Female,Rural,0
23,299.22,6,USA,mobile,Female,Rural,0
24,372.7,16,USA,web,Female,Urban,0
25,461.51,22,USA,mobile,Female,Rural,0
26,787.32,20,UK,web,Male,Urban,0
27,207.68,21,Germany,web,Female,Urban,0
28,519.09,6,UK,mobile,Male,Urban,0
29,596.49,13,Germany,web,Female,Rural,1
30,55.99,14,USA,mobile,Male,Rural,0
31,611.47,20,India,mobile,Male,Urban,0
32,178.82,6,UK,web,Male,Rural,0
33,74.4,8,India,mobile,Male,Urban,0
34,949.4,18,UK,mobile,Male,Urban,0
35,965.98,15,USA,web,Female,Urban,1
36,810.31,7,UK,web,Female,Urban,0
37,311.57,17,USA,mobile,Female,Rural,0
38,106.7,22,UK,mobile,Male,Urban,0
39,687.39,17,USA,web,Female,Urban,0
40,445.75,19,USA,mobile,Male,Rural,0
41,130.82,6,Germany,mobile,Male,Urban,0
42,500.23,2,USA,mobile,Female,Urban,0
43,44.04,17,Germany,mobile,Female,Rural,0
44,910.23,9,USA,mobile,Male,Rural,0
45,266.19,6,India,mobile,Male,Rural,0
46,665.9,16,USA,mobile,Female,Urban,0
47,318.59,13,India,web,Female,Rural,0
48,524.87,23,India,web,Female,Rural,0
49,551.24,2,USA,web,Female,Urban,0
50,193.01,11,India,web,Male,Urban,1
51,969.89,12,Germany,web,Female,Urban,0
52,777.38,1,UK,mobile,Female,Urban,0
53,940.1,2,USA,mobile,Female,Urban,0
54,895.88,4,India,mobile,Male,Rural,0
55,601.92,10,USA,mobile,Male,Rural,0
56,922.66,7,Germany,web,Male,Rural,0
57,97.61,22,USA,mobile,Male,Urban,0
58,204.02,22,USA,mobile,Female,Urban,0
59,54.78,11,India,web,Male,Urban,0
60,332.08,6,Germany,mobile,Female,Rural,0
61,394.79,14,UK,mobile,Female,Rural,0
62,278.64,23,UK,web,Female,Urban,0
63,830.45,16,India,mobile,Female,Rural,1
64,363.19,3,USA,mobile,Male,Urban,0
65,288.13,21,India,mobile,Male,Rural,0
66,547.27,12,India,mobile,Male,Rural,1
67,149.51,17,India,mobile,Female,Rural,1
68,804.18,0,USA,web,Female,Urban,1
69,83.81,15,Germany,web,Female,Rural,0
70,987.02,12,India,web,Female,Rural,1
71,774.52,9,USA,web,Female,Urban,0
72,206.73,11,Germany,web,Male,Rural,0
73,15.47,1,India,web,Female,Urban,0
74,817.31,22,UK,mobile,Male,Urban,0
75,709.79,2,Germany,web,Female,Urban,0
76,731.72,9,India,web,Female,Urban,0
77,773.56,1,Germany,mobile,Male,Urban,0
78,83.3,22,Germany,mobile,Male,Rural,0
79,364.88,12,Germany,web,Female,Urban,0
80,124.71,12,Germany,mobile,Female,Urban,0
81,864.47,17,Germany,web,Female,Urban,0
82,627.07,2,Germany,mobile,Female,Urban,0
83,337.59,6,India,web,Male,Rural,1
84,72.92,13,UK,mobile,Female,Urban,1
85,317.87,19,USA,mobile,Male,Rural,0
86,331.93,16,Germany,web,Female,Urban,0
87,732.31,20,USA,web,Male,Rural,0
88,641.18,11,India,web,Male,Urban,0
89,888.34,15,Germany,web,Female,Urban,0
90,477.49,23,UK,web,Male,Rural,0
91,128.4,11,USA,mobile,Female,Urban,0
92,716.11,14,Germany,web,Male,Rural,1
93,763.18,9,India,web,Female,Urban,0
94,565.66,6,UK,mobile,Male,Rural,0
95,773.26,19,USA,mobile,Female,Urban,1
96,498.86,4,USA,web,Female,Urban,0
97,527.51,0,Germany,mobile,Male,Rural,0
98,433.27,16,UK,mobile,Male,Urban,0
99,35.16,2,UK,web,Male,Urban,0
100,116.81,12,UK,mobile,Male,Urban,0
101,41.11,13,UK,mobile,Female,Urban,0
102,640.05,23,India,web,Male,Urban,0
103,321.21,17,UK,web,Female,Urban,0
104,513.48,3,USA,mobile,Male,Rural,0
105,908.49,17,USA,mobile,Female,Rural,1
106,256.8,4,India,web,Female,Rural,0
107,416.28,15,USA,mobile,Female,Urban,0
108,758.0,0,USA,mobile,Female,Rural,1
109,236.51,20,UK,mobile,Male,Urban,0
110,86.21,13,USA,web,Male,Urban,0
111,296.85,14,India,mobile,Female,Urban,0
112,169.61,8,UK,mobile,Male,Urban,0
113,930.4,14,Germany,web,Male,Rural,0
114,810.04,16,UK,mobile,Female,Urban,0
115,637.07,23,India,mobile,Male,Rural,0
116,872.75,3,UK,web,Male,Urban,0
117,805.64,11,UK,web,Male,Rural,0
118,194.7,4,India,web,Female,Rural,0
119,893.63,4,UK,web,Male,Rural,0
120,543.95,10,India,mobile,Female,Rural,0
121,809.37,5,India,mobile,Male,Rural,0
122,897.13,6,Germany,web,Male,Rural,1
123,324.82,23,USA,web,Male,Urban,0
124,118.95,13,USA,mobile,Female,Rural,0
125,235.66,23,UK,web,Female,Urban,0
126,432.84,10,UK,mobile,Male,Rural,0
127,819.83,12,Germany,web,Female,Urban,0
128,862.12,1,Germany,mobile,Male,Rural,1
129,16.88,6,Germany,web,Female,Rural,0
130,515.64,19,India,web,Female,Urban,0
131,423.24,3,Germany,mobile,Male,Rural,1
132,229.89,7,Germany,web,Male,Rural,0
133,128.67,19,UK,mobile,Male,Rural,0
134,344.24,21,Germany,mobile,Male,Urban,0
135,943.48,20,India,mobile,Female,Rural,0
136,329.97,18,India,mobile,Female,Urban,0
137,523.6,12,UK,mobile,Female,Rural,1
138,705.99,13,Germany,web,Male,Rural,1
139,369.99,9,Germany,web,Male,Urban,0
140,972.06,10,India,mobile,Female,Rural,1
141,962.82,1,Germany,web,Male,Rural,0
142,259.26,8,Germany,mobile,Female,Urban,0
143,502.28,16,Germany,web,Female,Rural,0
144,307.87,2,USA,web,Female,Urban,0
145,291.99,23,UK,web,Female,Urban,0
146,46.52,5,USA,web,Female,Urban,0
147,613.47,4,UK,mobile,Male,Rural,0
148,507.65,4,India,mobile,Male,Urban,0
149,60.96,21,Germany,web,Male,Urban,0
150,285.86,14,UK,web,Female,Rural,0
151,909.18,22,USA,mobile,Female,Urban,0
152,247.17,16,Germany,web,Female,Rural,0
153,153.45,8,India,mobile,Female,Rural,0
154,494.56,2,UK,mobile,Male,Rural,0
155,985.79,19,UK,mobile,Male,Rural,0
156,249.63,16,UK,web,Female,Urban,0
157,675.41,9,Germany,mobile,Female,Urban,0
158,764.0,2,USA,web,Female,Urban,0
159,245.26,17,USA,mobile,Male,Urban,0
160,730.93,17,UK,web,Male,Urban,0
161,374.11,16,India,web,Male,Rural,0
162,635.98,23,India,web,Female,Urban,0
163,637.19,2,USA,mobile,Female,Urban,0
164,540.42,2,India,mobile,Male,Urban,0
165,99.39,5,USA,web,Female,Rural,1
166,836.95,12,UK,web,Male,Rural,0
167,327.57,23,USA,web,Female,Urban,0
168,194.65,14,USA,mobile,Male,Rural,0
169,50.37,8,UK,mobile,Female,Urban,0
170,594.98,3,India,mobile,Male,Urban,0
171,680.79,13,USA,mobile,Male,Rural,0
172,26.42,4,USA,web,Male,Rural,0
173,516.97,1,UK,web,Male,Urban,0
174,234.23,10,India,mobile,Male,Urban,0
175,648.72,8,USA,mobile,Male,Rural,0
176,182.62,23,UK,web,Female,Urban,0
177,694.03,2,USA,mobile,Female,Rural,1
178,392.87,8,Germany,mobile,Female,Urban,0
179,937.36,2,UK,mobile,Male,Rural,0
180,146.15,1,India,mobile,Male,Urban,0
181,347.66,11,India,mobile,Female,Urban,1
182,122.34,9,India,mobile,Male,Rural,0
183,925.45,8,India,web,Male,Urban,0
184,878.57,14,USA,mobile,Male,Urban,1
185,265.36,7,USA,mobile,Male,Rural,0
186,663.38,4,India,web,Male,Urban,0
187,819.05,10,India,web,Female,Urban,0
188,559.65,1,India,web,Female,Urban,0
189,534.35,23,USA,mobile,Female,Rural,1
190,249.43,14,India,web,Female,Rural,0
191,102.17,5,India,mobile,Female,Rural,1
192,898.24,7,Germany,mobile,Male,Urban,0
193,901.41,4,Germany,mobile,Male,Urban,0
194,636.77,15,India,web,Male,Urban,0
195,345.64,17,UK,web,Male,Urban,0
196,355.72,5,India,web,Female,Rural,0
197,728.7,4,Germany,web,Female,Urban,0
198,898.14,15,UK,web,Female,Urban,0
199,888.22,12,UK,mobile,Male,Urban,0
200,782.08,4,India,mobile,Female,Rural,0
201,645.61,12,Germany,mobile,Male,Urban,0
202,93.3,16,Germany,mobile,Female,Urban,0
203,170.01,17,UK,web,Female,Urban,0
204,899.57,7,India,web,Male,Urban,1
205,610.36,12,USA,mobile,Male,Urban,0
206,19.11,18,USA,web,Female,Rural,0
207,110.46,2,Germany,web,Female,Urban,0
208,666.87,23,USA,mobile,Male,Urban,0
209,15.01,7,Germany,mobile,Female,Urban,1
210,169.2,1,Germany,web,Female,Urban,0
211,553.25,7,Germany,web,Male,Urban,0
212,694.98,12,USA,mobile,Female,Urban,0
213,655.44,12,Germany,mobile,Male,Urban,0
214,232.03,0,UK,mobile,Female,Urban,1
215,715.06,5,India,web,Male,Urban,0
216,244.88,23,India,mobile,Female,Urban,0
217,332.15,18,Germany,mobile,Male,Rural,0
218,749.03,15,India,web,Female,Rural,0
219,653.14,7,USA,web,Male,Rural,0
220,850.73,0,USA,web,Female,Rural,0
221,661.04,15,India,web,Female,Urban,0
222,572.63,8,USA,web,Female,Rural,0
223,102.74,12,India,mobile,Female,Rural,0
224,374.04,10,India,mobile,Female,Urban,0
225,272.55,12,India,web,Female,Rural,0
226,251.55,20,Germany,web,Female,Rural,0
227,973.28,9,India,web,Female,Urban,0
228,399.17,3,Germany,web,Female,Urban,0
229,893.13,5,India,web,Male,Urban,0
230,634.83,6,India,mobile,Male,Rural,0
231,796.86,4,India,mobile,Female,Rural,0
232,507.61,10,USA,mobile,Male,Urban,0
233,581.13,12,Germany,mobile,Female,Urban,0
234,497.59,18,Germany,web,Female,Rural,0
235,203.29,22,India,mobile,Male,Urban,0
236,725.23,9,India,web,Female,Rural,1
237,287.96,9,USA,web,Female,Urban,0
238,34.07,10,USA,web,Male,Urban,0
239,649.02,20,USA,mobile,Male,Rural,0
240,185.34,6,Germany,web,Female,Urban,0
241,941.05,17,Germany,mobile,Male,Urban,0
242,954.39,3,Germany,mobile,Male,Urban,0
243,915.72,1,India,web,Female,Rural,1
244,376.46,13,Germany,web,Male,Urban,0
245,25.3,12,UK,web,Male,Urban,0
246,929.04,11,UK,mobile,Female,Urban,0
247,433.9,6,USA,web,Male,Urban,0
248,966.99,1,Germany,mobile,Male,Urban,0
249,963.98,12,UK,web,Female,Urban,0
250,854.48,13,USA,web,Female,Rural,1
251,301.5,16,Germany,mobile,Female,Rural,0
252,391.25,8,India,mobile,Male,Urban,1
253,852.63,16,UK,mobile,Female,Rural,0
254,323.75,7,India,mobile,Female,Rural,0
255,177.8,1,Germany,mobile,Male,Urban,0
256,561.23,23,UK,mobile,Female,Rural,0
257,936.79,12,Germany,web,Female,Rural,1
258,699.07,2,India,web,Female,Rural,0
259,574.36,15,UK,mobile,Female,Rural,0
260,106.2,5,India,web,Male,Rural,0
261,618.86,18,Germany,mobile,Female,Rural,0
262,990.15,6,Germany,web,Female,Rural,0
263,148.68,9,India,web,Male,Rural,0
264,523.15,8,UK,mobile,Female,Urban,0
265,878.6,1,India,mobile,Male,Urban,1
266,743.36,14,Germany,mobile,Male,Rural,0
267,700.05,4,India,web,Male,Rural,0
268,705.46,21,Germany,mobile,Female,Urban,0
269,365.9,3,India,web,Male,Rural,0
270,300.66,19,UK,mobile,Male,Rural,0
271,811.27,3,UK,web,Male,Urban,1
272,812.01,17,India,web,Female,Urban,0
273,868.4,3,India,mobile,Female,Urban,1
274,914.11,16,UK,web,Female,Rural,1
275,516.23,11,Germany,web,Female,Rural,0
276,506.5,21,UK,mobile,Female,Urban,0
277,800.31,16,Germany,web,Female,Urban,1
278,653.46,9,India,mobile,Female,Rural,1
279,704.95,21,India,mobile,Male,Urban,0
280,797.83,0,Germany,mobile,Male,Rural,0
281,891.11,21,India,mobile,Male,Rural,0
282,344.62,23,Germany,web,Male,Urban,0
283,381.83,17,USA,web,Female,Urban,0
284,103.04,17,UK,web,Male,Rural,1
285,582.5,13,USA,mobile,Male,Urban,1
286,45.58,14,Germany,web,Male,Urban,0
287,470.94,11,UK,web,Male,Urban,0
288,547.22,3,Germany,mobile,Female,Urban,0
289,293.68,2,UK,mobile,Female,Rural,0
290,594.92,19,UK,web,Female,Rural,1
291,40.2,11,UK,mobile,Male,Rural,0
292,46.97,6,UK,mobile,Female,Rural,0
293,824.37,10,Germany,mobile,Male,Urban,1
294,366.59,0,UK,mobile,Female,Urban,0
295,135.79,5,UK,web,Female,Rural,0
296,527.02,14,USA,mobile,Female,Rural,0
297,772.29,14,India,mobile,Female,Urban,0
298,223.66,18,India,mobile,Female,Rural,1
299,626.66,10,USA,mobile,Male,Rural,1
300,94.49,22,USA,mobile,Female,Urban,0
301,61.16,1,Germany,mobile,Male,Rural,0
302,536.04,13,Germany,mobile,Male,Urban,0
303,545.23,1,Germany,mobile,Male,Urban,0
304,641.06,3,USA,web,Male,Rural,1
305,728.83,16,USA,mobile,Male,Urban,0
306,976.09,2,UK,web,Female,Rural,1
307,521.14,12,Germany,mobile,Female,Urban,1
308,329.73,8,Germany,mobile,Female,Rural,0
309,797.23,6,Germany,mobile,Female,Rural,1
310,278.12,14,India,mobile,Male,Rural,0
311,444.58,22,UK,web,Female,Urban,0
312,87.67,10,Germany,mobile,Female,Urban,0
313,35.1,19,Germany,mobile,Male,Rural,0
314,963.02,1,Germany,web,Male,Urban,0
315,837.62,14,India,web,Female,Rural,0
316,699.01,13,India,mobile,Female,Rural,0
317,414.86,19,USA,web,Male,Urban,0
318,181.56,21,UK,web,Female,Rural,1
319,164.87,10,USA,web,Female,Urban,0
320,257.74,2,UK,mobile,Female,Rural,0
321,553.73,16,India,mobile,Female,Urban,0
322,717.45,11,Germany,mobile,Male,Rural,1
323,663.6,23,USA,web,Male,Rural,0
324,287.13,20,Germany,mobile,Male,Urban,0
325,955.32,14,USA,web,Female,Rural,0
326,740.52,15,India,mobile,Female,Rural,1
327,558.81,4,India,mobile,Female,Urban,0
328,615.6,19,India,web,Female,Rural,0
329,425.4,5,USA,mobile,Female,Urban,0
330,255.25,18,UK,web,Male,Rural,1
331,362.41,4,USA,web,Female,Urban,0
332,760.27,2,UK,mobile,Female,Rural,0
333,24.25,0,USA,web,Male,Rural,1
334,124.91,5,USA,mobile,Female,Rural,0
335,55.54,14,India,mobile,Male,Urban,0
336,50.32,1,Germany,web,Male,Urban,0
337,856.91,2,Germany,mobile,Male,Urban,0
338,706.62,16,UK,web,Male,Urban,0
339,479.43,23,Germany,mobile,Male,Rural,0
340,106.86,11,USA,mobile,Female,Rural,0
341,496.7,17,USA,mobile,Male,Urban,0
342,478.74,14,India,mobile,Male,Urban,0
343,181.47,11,India,mobile,Female,Urban,0
344,439.51,15,Germany,web,Female,Rural,1
345,404.52,7,UK,web,Male,Urban,0
346,619.69,13,Germany,web,Female,Urban,0
347,638.74,16,Germany,web,Female,Rural,0
348,54.85,20,Germany,web,Male,Rural,0
349,380.87,7,Germany,web,Male,Urban,0
350,629.6,14,USA,mobile,Female,Rural,1
351,508.1,13,UK,mobile,Male,Urban,0
352,857.92,17,USA,web,Male,Rural,0
353,662.11,19,UK,web,Female,Urban,0
354,171.31,6,India,mobile,Male,Urban,0
355,79.86,2,Germany,mobile,Male,Urban,0
356,646.0,11,USA,mobile,Male,Urban,0
357,36.25,20,UK,web,Male,Rural,0
358,589.92,23,India,web,Male,Rural,0
359,940.83,2,India,web,Female,Rural,1
360,579.72,19,Germany,mobile,Female,Rural,0
361,394.29,13,UK,mobile,Male,Urban,0
362,646.86,14,USA,web,Female,Urban,0
363,463.67,13,Germany,web,Male,Rural,0
364,550.16,6,USA,mobile,Male,Rural,0
365,942.05,16,India,mobile,Male,Rural,0
366,392.24,11,USA,mobile,Male,Rural,0
367,961.58,19,USA,mobile,Male,Rural,1
368,906.3,3,Germany,web,Female,Urban,0
369,203.83,8,USA,mobile,Female,Urban,0
370,78.67,5,Germany,mobile,Male,Urban,0
371,109.77,15,India,mobile,Female,Rural,0
372,28.04,21,Germany,web,Male,Rural,1
373,103.5,21,Germany,web,Female,Rural,0
374,686.18,20,UK,mobile,Male,Rural,0
375,80.48,20,USA,mobile,Female,Urban,0
376,325.79,1,India,mobile,Male,Urban,0
377,846.43,23,Germany,web,Male,Rural,0
378,33.04,7,India,web,Female,Urban,0
379,816.32,10,UK,web,Female,Urban,0
380,289.04,12,USA,mobile,Male,Rural,0
381,126.98,16,Germany,web,Female,Rural,0
382,699.77,7,USA,mobile,Male,Rural,0
383,632.65,20,UK,mobile,Female,Rural,0
384,878.7,17,UK,mobile,Female,Rural,0
385,737.72,17,India,web,Male,Rural,0
386,805.45,13,Germany,mobile,Female,Urban,0
387,289.21,14,India,web,Female,Urban,0
388,185.67,5,UK,web,Male,Rural,0
389,753.11,10,USA,mobile,Female,Urban,1
390,808.77,12,India,mobile,Male,Rural,0
391,990.6,0,India,web,Male,Rural,0
392,418.49,5,USA,mobile,Male,Rural,0
393,378.3,8,India,web,Male,Rural,0
394,778.65,7,USA,mobile,Male,Urban,0
395,347.4,10,Germany,web,Female,Rural,1
396,931.45,21,USA,web,Male,Urban,0
397,859.83,18,Germany,web,Male,Rural,1
398,434.7,23,USA,web,Female,Rural,0
399,753.36,8,UK,mobile,Female,Rural,0
400,757.0,16,UK,mobile,Female,Urban,1
401,112.09,11,Germany,web,Male,Rural,0
402,903.53,13,Germany,web,Male,Rural,0
403,510.2,14,UK,mobile,Male,Rural,0
404,828.19,15,Germany,mobile,Female,Urban,0
405,326.85,21,USA,mobile,Male,Urban,0
406,896.57,21,USA,mobile,Female,Urban,1
407,395.31,19,UK,mobile,Male,Rural,0
408,20.73,0,India,mobile,Female,Urban,0
409,906.33,9,USA,web,Male,Rural,0
410,100.37,7,Germany,mobile,Male,Urban,0
411,326.12,17,India,mobile,Male,Urban,0
412,950.56,0,India,web,Female,Rural,0
413,951.1,1,USA,mobile,Female,Urban,0
414,577.7,0,USA,mobile,Male,Rural,0
415,635.52,0,India,mobile,Male,Rural,0
416,453.96,8,India,mobile,Male,Urban,0
417,300.28,12,UK,mobile,Female,Rural,0
418,335.38,0,Germany,web,Male,Rural,0
419,675.79,12,UK,mobile,Male,Urban,0
420,754.85,19,USA,web,Male,Urban,0
421,793.66,21,UK,web,Male,Rural,1
422,791.72,6,UK,mobile,Female,Urban,0
423,100.29,1,UK,web,Female,Rural,0
424,499.48,5,UK,mobile,Male,Rural,0
425,66.98,6,Germany,web,Male,Urban,0
426,554.03,13,Germany,web,Female,Urban,0
427,447.12,17,India,mobile,Female,Urban,0
428,888.83,14,USA,mobile,Male,Urban,0
429,357.41,1,UK,mobile,Female,Rural,1
430,125.9,9,India,mobile,Female,Rural,0
431,151.56,22,India,mobile,Male,Urban,0
432,763.9,11,India,web,Female,Urban,0
433,622.04,16,Germany,web,Female,Rural,0
434,110.11,7,UK,web,Male,Rural,0
435,93.27,10,UK,web,Male,Rural,0
436,703.96,2,USA,web,Female,Rural,1
437,82.04,5,UK,web,Male,Urban,0
438,823.64,8,UK,web,Female,Rural,1
439,709.18,5,India,mobile,Male,Rural,1
440,90.54,8,USA,mobile,Female,Urban,0
441,93.99,6,UK,web,Male,Rural,0
442,986.77,8,Germany,web,Female,Rural,0
443,380.53,17,UK,mobile,Female,Urban,0
444,376.94,11,India,mobile,Female,Urban,0
445,814.67,7,Germany,mobile,Male,Urban,0
446,947.78,7,India,mobile,Male,Rural,0
447,986.14,17,UK,web,Female,Rural,1
448,755.84,19,Germany,mobile,Female,Urban,0
449,382.5,14,USA,web,Male,Urban,0
450,92.67,6,USA,web,Male,Rural,0
451,779.38,10,Germany,web,Male,Urban,0
452,562.82,19,Germany,mobile,Male,Urban,0
453,429.98,15,India,mobile,Male,Urban,0
454,907.29,3,Germany,web,Male,Rural,0
455,120.09,5,India,web,Female,Rural,0
456,497.7,21,UK,web,Male,Rural,0
457,21.24,2,India,mobile,Female,Rural,0
458,473.97,8,Germany,web,Male,Rural,0
459,65.74,9,Germany,mobile,Male,Rural,0
460,127.63,13,UK,web,Female,Urban,0
461,126.35,10,Germany,web,Female,Rural,0
462,652.72,17,Germany,web,Male,Rural,0
463,748.58,21,USA,mobile,Female,Urban,0
464,587.54,11,USA,mobile,Female,Rural,0
465,962.55,22,UK,web,Female,Rural,0
466,381.12,11,India,mobile,Female,Urban,0
467,292.85,12,USA,web,Male,Urban,0
468,869.91,12,India,mobile,Female,Urban,1
469,231.36,18,Germany,mobile,Male,Rural,1
470,963.59,18,USA,mobile,Male,Urban,0
471,22.03,22,UK,web,Male,Rural,0
472,970.18,13,UK,mobile,Male,Rural,0
473,52.73,3,UK,mobile,Female,Rural,0
474,892.23,12,USA,web,Female,Rural,0
475,532.42,7,India,web,Male,Urban,1
476,993.04,22,Germany,web,Male,Urban,0
477,83.06,20,India,web,Male,Rural,0
478,558.32,22,India,mobile,Male,Urban,0
479,969.61,18,Germany,mobile,Female,Rural,0
480,527.87,11,Germany,mobile,Male,Rural,0
481,633.1,17,USA,mobile,Female,Rural,1
482,698.79,5,USA,mobile,Male,Urban,0
483,460.0,17,USA,web,Male,Rural,0
484,631.28,18,USA,mobile,Male,Rural,0
485,588.47,21,USA,mobile,Male,Urban,0
486,902.15,4,Germany,mobile,Female,Urban,1
487,54.99,23,India,web,Female,Urban,0
488,288.15,8,USA,web,Female,Urban,0
489,950.91,2,USA,mobile,Male,Rural,0
490,891.36,9,India,web,Male,Urban,1
491,461.1,18,USA,web,Female,Rural,1
492,623.93,2,India,web,Female,Urban,0
493,284.61,21,India,web,Male,Urban,0
494,196.24,14,Germany,web,Male,Urban,0
495,469.06,0,UK,web,Female,Urban,1
496,359.82,6,Germany,web,Male,Urban,0
497,587.82,11,UK,mobile,Male,Urban,0
498,86.96,16,UK,mobile,Female,Rural,0
499,974.65,20,UK,web,Male,Urban,0
500,986.35,23,USA,mobile,Female,Urban,0
501,701.18,19,Germany,mobile,Male,Urban,1
502,540.74,4,UK,web,Female,Urban,0
503,316.43,3,India,mobile,Male,Rural,0
504,815.66,11,USA,web,Female,Urban,0
505,687.88,19,Germany,web,Female,Urban,0
506,170.99,23,UK,web,Female,Urban,0
507,911.82,17,India,mobile,Female,Urban,1
508,824.31,16,Germany,mobile,Male,Rural,1
509,950.3,18,Germany,mobile,Male,Urban,1
510,728.46,8,USA,mobile,Female,Rural,1
511,617.28,3,Germany,web,Male,Urban,0
512,424.06,20,USA,web,Male,Rural,0
513,933.4,1,UK,mobile,Male,Rural,0
514,867.4,3,USA,web,Male,Urban,0
515,54.77,1,India,web,Male,Urban,0
516,36.1,14,USA,mobile,Female,Rural,0
517,382.7,1,India,web,Female,Rural,0
518,812.45,3,USA,mobile,Female,Urban,0
519,987.4,5,Germany,web,Female,Rural,1
520,158.91,6,UK,mobile,Male,Rural,0
521,598.19,9,India,web,Male,Rural,0
522,387.08,18,USA,web,Female,Urban,0
523,970.22,18,USA,mobile,Male,Rural,1
524,843.7,21,USA,mobile,Male,Rural,1
525,839.95,11,Germany,mobile,Female,Rural,0
526,474.01,2,Germany,mobile,Male,Urban,0
527,420.67,12,India,web,Female,Urban,0
528,280.67,17,India,web,Female,Rural,0
529,65.81,7,Germany,mobile,Male,Urban,0
530,866.08,20,India,web,Male,Rural,0
531,814.77,14,UK,mobile,Female,Urban,0
532,999.72,0,UK,mobile,Female,Urban,0
533,996.67,2,Germany,web,Male,Rural,0
534,559.88,7,India,web,Female,Urban,0
535,771.3,3,USA,mobile,Female,Urban,1
536,945.32,15,UK,mobile,Female,Urban,1
537,851.15,22,Germany,mobile,Male,Rural,1
538,254.87,9,India,web,Female,Urban,0
539,456.04,11,Germany,web,Male,Urban,0
540,137.87,13,USA,web,Female,Rural,0
541,954.51,13,UK,web,Male,Urban,1
542,610.11,1,Germany,mobile,Female,Urban,0
543,236.36,22,Germany,mobile,Male,Urban,0
544,674.98,4,Germany,mobile,Male,Urban,0
545,621.95,4,USA,mobile,Male,Urban,0
546,364.58,5,Germany,mobile,Female,Rural,0
547,122.42,12,USA,mobile,Female,Rural,0
548,674.86,8,USA,web,Female,Urban,1
549,525.1,21,USA,web,Male,Urban,0
550,774.6,14,UK,mobile,Female,Urban,1
551,524.96,13,UK,mobile,Male,Rural,0
552,853.66,23,Germany,web,Female,Rural,0
553,556.39,6,Germany,web,Male,Urban,0
554,565.33,19,UK,web,Male,Urban,0
555,877.89,1,India,web,Male,Rural,0
556,409.45,6,UK,mobile,Female,Urban,1
557,142.68,5,USA,mobile,Female,Rural,0
558,38.49,16,UK,mobile,Female,Rural,0
559,757.59,1,USA,mobile,Male,Urban,0
560,624.11,2,Germany,mobile,Male,Rural,0
561,707.04,4,India,web,Female,Urban,0
562,220.83,4,Germany,mobile,Female,Urban,0
563,145.01,0,USA,web,Female,Urban,0
564,24.4,7,USA,mobile,Male,Urban,0
565,357.08,11,USA,mobile,Male,Urban,0
566,594.02,23,India,mobile,Male,Urban,0
567,398.32,3,UK,mobile,Male,Rural,0
568,443.1,12,Germany,mobile,Male,Rural,0
569,905.12,22,Germany,web,Female,Rural,1
570,354.77,14,UK,web,Male,Rural,0
571,518.85,10,Germany,web,Male,Urban,0
572,785.82,9,India,mobile,Male,Rural,0
573,402.58,2,Germany,mobile,Male,Rural,0
574,625.87,21,USA,web,Male,Rural,1
575,863.74,13,UK,mobile,Female,Urban,0
576,950.03,15,India,mobile,Male,Rural,1
577,155.6,9,UK,web,Male,Urban,0
578,927.32,9,India,mobile,Male,Rural,0
579,497.2,11,USA,web,Female,Urban,0
580,265.66,8,UK,mobile,Female,Urban,0
581,464.54,0,Germany,web,Female,Rural,0
582,980.23,4,India,mobile,Male,Urban,0
583,497.69,19,UK,mobile,Female,Urban,0
584,335.46,7,Germany,web,Male,Rural,0
585,637.07,10,UK,mobile,Male,Rural,0
586,247.74,11,UK,mobile,Female,Rural,0
587,85.1,0,UK,web,Male,Urban,0
588,137.59,21,India,mobile,Male,Urban,0
589,136.77,19,Germany,web,Male,Urban,0
590,160.38,10,USA,mobile,Female,Rural,0
591,147.44,4,India,mobile,Male,Urban,0
592,644.47,14,India,mobile,Male,Urban,0
593,190.06,4,India,mobile,Female,Urban,0
594,352.21,11,USA,web,Male,Urban,0
595,897.82,4,Germany,mobile,Male,Urban,0
596,479.22,16,Germany,web,Female,Urban,0
597,670.88,16,Germany,mobile,Male,Urban,0
598,180.6,23,UK,mobile,Male,Rural,0
599,200.37,11,UK,mobile,Male,Rural,0
600,50.46,23,UK,mobile,Male,Rural,1
601,177.25,14,USA,web,Male,Urban,0
602,285.8,14,UK,web,Female,Urban,0
603,185.24,5,USA,web,Female,Rural,0
604,97.82,11,Germany,web,Female,Urban,0
605,129.43,19,UK,mobile,Female,Rural,0
606,466.17,17,UK,web,Male,Urban,0
607,214.27,13,India,web,Male,Urban,0
608,370.63,1,USA,mobile,Male,Rural,0
609,508.38,8,Germany,mobile,Male,Rural,0
610,693.49,4,India,mobile,Male,Rural,0
611,48.92,19,India,mobile,Female,Rural,0
612,801.42,0,Germany,web,Female,Rural,1
613,631.62,22,India,web,Male,Urban,0
614,90.94,2,USA,mobile,Male,Urban,0
615,874.84,5,USA,mobile,Male,Urban,0
616,921.66,4,UK,mobile,Female,Rural,0
617,70.47,20,India,web,Male,Rural,0
618,284.11,4,UK,web,Male,Rural,0
619,808.14,0,India,mobile,Male,Rural,0
620,750.78,16,USA,mobile,Female,Rural,1
621,192.68,18,USA,web,Male,Rural,0
622,217.26,13,USA,mobile,Female,Urban,0
623,376.77,11,India,mobile,Female,Urban,1
624,489.68,9,USA,web,Female,Urban,0
625,622.07,19,India,mobile,Female,Urban,0
626,375.22,20,UK,web,Female,Urban,0
627,467.91,17,India,mobile,Female,Rural,0
628,750.0,23,UK,mobile,Male,Rural,0
629,46.32,10,India,web,Male,Rural,0
630,259.91,1,UK,web,Male,Rural,0
631,716.22,17,USA,mobile,Female,Rural,1
632,896.25,6,UK,web,Male,Rural,0
633,516.56,23,USA,mobile,Female,Urban,0
634,536.79,14,USA,mobile,Female,Rural,0
635,116.1,10,UK,web,Female,Rural,0
636,452.94,17,India,mobile,Male,Rural,0
637,537.29,22,India,mobile,Female,Rural,1
638,250.05,11,Germany,web,Female,Urban,0
639,276.55,5,India,web,Male,Urban,0
640,383.51,19,Germany,mobile,Male,Rural,1
641,29.87,22,India,web,Female,Urban,0
642,328.86,12,India,web,Female,Urban,0
643,219.33,19,USA,web,Male,Rural,0
644,334.22,15,Germany,web,Male,Rural,0
645,128.56,17,India,mobile,Male,Rural,1
646,891.62,9,Germany,mobile,Female,Rural,0
647,597.66,22,USA,mobile,Male,Rural,0
648,682.31,7,USA,web,Male,Urban,0
649,791.28,17,Germany,web,Male,Rural,0
650,503.46,20,USA,web,Female,Rural,0
651,96.05,0,UK,web,Male,Rural,0
652,541.74,22,UK,web,Male,Urban,0
653,590.97,7,USA,web,Male,Rural,0
654,747.99,5,UK,web,Male,Rural,0
655,437.34,4,India,mobile,Male,Rural,0
656,136.3,14,Germany,mobile,Female,Urban,0
657,290.94,21,India,web,Female,Rural,1
658,369.45,14,Germany,web,Female,Rural,0
659,649.46,1,USA,web,Male,Rural,0
660,575.07,0,India,mobile,Female,Urban,0
661,362.54,22,USA,mobile,Female,Rural,0
662,986.65,22,USA,web,Female,Rural,0
663,609.72,10,Germany,web,Male,Rural,0
664,244.85,9,Germany,mobile,Male,Urban,0
665,110.76,17,Germany,mobile,Female,Rural,0
666,161.33,17,India,mobile,Female,Rural,1
667,253.5,16,UK,mobile,Male,Rural,0
668,169.07,7,Germany,web,Male,Urban,0
669,194.7,14,Germany,mobile,Female,Urban,0
670,292.24,7,India,mobile,Male,Rural,0
671,181.64,16,Germany,web,Female,Urban,0
672,897.8,11,India,mobile,Male,Urban,0
673,89.43,7,USA,mobile,Female,Urban,0
674,529.27,13,Germany,mobile,Female,Rural,0
675,416.29,3,Germany,web,Male,Rural,1
676,982.55,0,USA,mobile,Female,Urban,0
677,120.92,0,USA,web,Female,Urban,0
678,403.88,18,USA,web,Female,Urban,0
679,969.78,15,Germany,mobile,Male,Rural,1
680,866.85,13,UK,mobile,Male,Rural,0
681,818.9,20,UK,mobile,Male,Urban,1
682,265.32,15,UK,mobile,Female,Urban,0
683,179.18,4,Germany,web,Male,Urban,0
684,671.96,8,USA,mobile,Female,Urban,0
685,930.08,1,Germany,mobile,Female,Rural,1
686,561.2,17,USA,mobile,Male,Urban,0
687,575.9,5,Germany,web,Male,Rural,0
688,287.18,8,Germany,mobile,Female,Urban,0
689,771.8,0,USA,mobile,Female,Urban,0
690,195.17,8,UK,web,Male,Urban,0
691,330.44,15,USA,web,Male,Urban,0
692,431.18,12,India,mobile,Male,Urban,0
693,512.53,8,India,mobile,Female,Rural,0
694,249.99,20,USA,mobile,Female,Urban,0
695,123.69,12,Germany,mobile,Female,Urban,0
696,614.51,8,India,mobile,Female,Urban,0
697,295.74,10,India,web,Female,Rural,0
698,585.43,3,Germany,web,Male,Rural,0
699,162.82,1,Germany,mobile,Male,Rural,0
700,486.33,5,UK,mobile,Female,Rural,1
701,537.26,13,Germany,web,Female,Urban,0
702,61.31,3,USA,mobile,Male,Urban,0
703,343.24,5,USA,mobile,Male,Urban,0
704,143.07,18,UK,mobile,Male,Rural,0
705,72.74,5,India,mobile,Male,Urban,0
706,990.06,1,India,mobile,Female,Urban,1
707,329.13,17,Germany,web,Male,Rural,0
708,811.78,12,USA,mobile,Female,Rural,1
709,262.09,8,India,mobile,Male,Rural,0
710,684.69,22,UK,mobile,Male,Urban,0
711,762.63,18,UK,web,Male,Urban,0
712,599.68,12,USA,web,Female,Rural,1
713,476.86,10,UK,web,Female,Urban,0
714,417.72,0,UK,web,Male,Rural,0
715,355.38,23,USA,mobile,Female,Rural,0
716,930.23,21,Germany,web,Female,Urban,0
717,832.31,6,Germany,mobile,Male,Rural,0
718,965.38,20,UK,mobile,Male,Rural,1
719,133.05,14,Germany,web,Female,Rural,0
720,733.56,0,Germany,web,Female,Urban,1
721,938.96,11,UK,web,Female,Rural,1
722,189.42,6,Germany,web,Male,Rural,0
723,75.83,14,UK,web,Male,Rural,0
724,743.71,20,India,mobile,Female,Rural,0
725,578.73,18,USA,web,Male,Rural,0
726,843.41,0,USA,web,Male,Rural,0
727,148.37,16,Germany,web,Female,Rural,1
728,797.31,16,Germany,mobile,Female,Urban,1
729,209.61,2,Germany,web,Male,Urban,0
730,172.02,11,USA,mobile,Male,Rural,0
731,172.62,5,India,web,Female,Urban,0
732,816.43,10,India,web,Male,Urban,0
733,668.55,2,USA,mobile,Male,Rural,1
734,527.83,7,India,web,Female,Urban,0
735,365.24,13,USA,mobile,Female,Rural,0
736,878.43,13,India,mobile,Male,Rural,1
737,398.52,9,UK,mobile,Male,Rural,1
738,818.43,1,UK,web,Male,Rural,1
739,444.74,13,USA,web,Female,Rural,1
740,383.17,8,India,web,Male,Urban,0
741,468.05,2,Germany,mobile,Male,Rural,0
742,308.36,20,India,web,Female,Urban,0
743,750.13,7,UK,mobile,Female,Rural,1
744,507.69,15,UK,web,Male,Rural,0
745,239.89,1,India,mobile,Female,Rural,0
746,900.58,5,India,mobile,Female,Urban,0
747,390.05,20,Germany,mobile,Male,Rural,0
748,548.12,11,Germany,web,Female,Rural,0
749,907.41,4,India,mobile,Female,Rural,0
750,628.0,1,India,mobile,Male,Rural,1
751,125.73,15,India,mobile,Female,Urban,1
752,940.43,4,India,mobile,Male,Rural,0
753,631.43,14,USA,mobile,Male,Urban,0
754,341.56,11,India,mobile,Female,Rural,0
755,147.88,3,Germany,web,Female,Urban,0
756,796.08,14,UK,web,Female,Urban,0
757,623.87,10,USA,mobile,Male,Rural,1
758,538.13,15,India,web,Female,Rural,0
759,894.95,22,UK,web,Male,Urban,1
760,790.71,5,USA,mobile,Female,Rural,1
761,160.16,13,UK,mobile,Female,Rural,0
762,318.6,17,India,mobile,Female,Rural,0
763,256.0,11,India,web,Male,Urban,0
764,746.51,10,Germany,mobile,Female,Rural,1
765,43.2,12,India,web,Female,Rural,0
766,574.19,20,India,mobile,Male,Rural,0
767,764.83,22,USA,web,Male,Urban,1
768,878.0,10,Germany,mobile,Female,Rural,1
769,348.66,22,USA,mobile,Female,Urban,0
770,823.04,15,UK,web,Female,Rural,0
771,119.53,14,India,web,Male,Urban,0
772,847.99,20,UK,web,Male,Rural,0
773,136.21,14,USA,web,Male,Rural,0
774,403.31,3,India,web,Male,Urban,0
775,799.32,10,India,web,Female,Urban,1
776,158.42,18,USA,mobile,Male,Urban,0
777,236.96,14,USA,web,Male,Rural,0
778,725.03,3,USA,mobile,Male,Rural,0
779,722.84,20,USA,mobile,Female,Rural,1
780,644.74,12,USA,web,Female,Rural,0
781,697.01,21,India,mobile,Male,Urban,0
782,547.3,18,USA,web,Male,Rural,0
783,259.28,1,India,web,Female,Rural,0
784,352.24,13,India,mobile,Female,Rural,0
785,189.78,3,USA,mobile,Female,Rural,0
786,909.37,15,USA,web,Female,Rural,1
787,587.56,20,Germany,web,Female,Rural,0
788,406.84,19,India,mobile,Female,Rural,0
789,467.39,13,USA,mobile,Female,Urban,0
790,947.81,14,USA,mobile,Female,Rural,0
791,161.82,2,USA,mobile,Male,Rural,0
792,590.37,7,Germany,web,Male,Rural,0
793,510.83,15,Germany,web,Male,Rural,0
794,615.34,9,UK,web,Male,Urban,0
795,27.93,3,India,web,Male,Urban,0
796,873.4,17,UK,mobile,Male,Urban,0
797,932.8,1,USA,mobile,Female,Urban,1
798,569.48,16,Germany,web,Female,Urban,0
799,699.68,12,Germany,web,Male,Urban,0
800,923.27,3,UK,web,Male,Rural,0
801,710.17,10,Germany,web,Female,Urban,0
802,161.01,6,USA,web,Female,Urban,0
803,580.53,11,Germany,web,Female,Rural,1
804,610.65,9,UK,web,Male,Urban,0
805,429.89,6,USA,web,Female,Rural,0
806,739.08,12,UK,web,Male,Rural,1
807,935.02,6,Germany,mobile,Male,Urban,1
808,926.31,23,UK,web,Female,Rural,0
809,456.33,16,UK,mobile,Female,Urban,0
810,122.11,9,India,mobile,Male,Urban,0
811,984.99,9,Germany,web,Female,Rural,0
812,840.51,23,Germany,web,Female,Rural,1
813,133.42,3,UK,mobile,Male,Urban,0
814,921.63,19,India,mobile,Female,Rural,0
815,871.2,3,Germany,web,Male,Rural,0
816,523.65,21,USA,mobile,Male,Urban,0
817,595.36,6,UK,web,Female,Urban,0
818,405.01,21,Germany,web,Male,Rural,0
819,64.21,0,USA,web,Male,Urban,0
820,341.85,11,Germany,mobile,Female,Urban,0
821,804.82,23,USA,mobile,Female,Urban,0
822,14.59,12,UK,web,Female,Urban,0
823,340.16,9,Germany,mobile,Male,Urban,0
824,404.19,14,Germany,mobile,Male,Urban,0
825,542.02,12,India,mobile,Female,Urban,0
826,920.66,22,UK,mobile,Male,Rural,1
827,352.88,21,USA,mobile,Female,Urban,0
828,353.48,21,Germany,mobile,Female,Rural,0
829,740.13,20,Germany,mobile,Male,Rural,0
830,457.7,21,USA,web,Female,Rural,0
831,232.36,8,UK,mobile,Male,Urban,0
832,457.92,8,India,mobile,Male,Urban,0
833,149.45,14,India,mobile,Female,Rural,0
834,184.62,9,Germany,mobile,Male,Urban,0
835,503.38,23,USA,mobile,Female,Rural,0
836,424.74,9,Germany,mobile,Male,Urban,0
837,915.7,7,USA,mobile,Male,Urban,1
838,368.77,23,India,mobile,Male,Rural,0
839,584.78,15,UK,web,Female,Rural,0
840,635.94,16,USA,mobile,Male,Rural,0
841,22.96,4,India,mobile,Female,Urban,0
842,666.9,3,Germany,mobile,Male,Rural,0
843,186.26,17,USA,mobile,Male,Urban,1
844,961.46,23,UK,web,Female,Urban,0
845,157.18,18,Germany,web,Female,Urban,0
846,420.48,3,Germany,web,Female,Rural,0
847,94.5,6,India,web,Female,Rural,1
848,996.91,9,USA,web,Female,Rural,0
849,507.17,17,Germany,web,Male,Urban,0
850,599.43,18,UK,web,Male,Urban,0
851,76.41,3,USA,web,Female,Rural,0
852,752.46,9,UK,web,Male,Urban,1
853,217.81,0,Germany,web,Male,Urban,0
854,899.07,22,UK,web,Male,Rural,0
855,213.09,17,India,web,Female,Rural,0
856,198.78,4,UK,web,Male,Rural,0
857,46.18,14,USA,web,Male,Urban,0
858,477.35,16,UK,web,Male,Urban,0
859,569.19,2,UK,web,Female,Urban,1
860,75.05,11,India,mobile,Male,Urban,0
861,777.77,1,UK,web,Male,Urban,0
862,458.76,0,UK,mobile,Female,Rural,0
863,529.15,22,Germany,web,Female,Urban,0
864,446.36,20,Germany,web,Male,Urban,0
865,406.76,16,USA,mobile,Male,Urban,0
866,564.04,21,Germany,web,Female,Rural,0
867,163.69,15,Germany,mobile,Female,Rural,0
868,190.11,4,Germany,mobile,Female,Rural,0
869,863.17,14,Germany,mobile,Female,Urban,1
870,946.65,2,India,web,Female,Rural,1
871,379.58,6,Germany,web,Female,Rural,1
872,278.04,10,India,web,Female,Rural,0
873,647.56,9,India,mobile,Male,Urban,0
874,414.65,8,Germany,mobile,Female,Rural,0
875,35.13,13,UK,web,Female,Urban,0
876,164.59,12,India,web,Male,Urban,0
877,718.81,1,UK,web,Female,Rural,0
878,662.33,2,UK,web,Female,Urban,1
879,36.83,6,Germany,web,Male,Rural,1
880,229.75,20,USA,mobile,Female,Urban,0
881,238.76,17,Germany,mobile,Male,Rural,0
882,675.17,2,USA,mobile,Male,Rural,0
883,29.51,9,USA,web,Male,Rural,0
884,113.07,21,Germany,mobile,Male,Urban,0
885,801.92,6,Germany,mobile,Female,Rural,0
886,186.76,8,USA,mobile,Male,Urban,1
887,656.22,16,Germany,mobile,Male,Rural,0
888,245.8,10,USA,mobile,Female,Urban,0
889,108.45,6,UK,web,Male,Urban,0
890,250.74,23,Germany,mobile,Male,Rural,0
891,725.04,13,UK,web,Male,Rural,1
892,857.14,18,India,web,Male,Rural,1
893,831.92,3,UK,web,Female,Rural,0
894,403.21,5,UK,web,Male,Rural,0
895,671.4,9,USA,web,Female,Urban,0
896,212.93,6,UK,mobile,Female,Rural,0
897,300.22,12,Germany,mobile,Male,Rural,0
898,897.37,13,USA,web,Male,Urban,0
899,22.87,3,India,web,Male,Rural,0
900,94.65,7,Germany,web,Male,Rural,0
901,215.81,4,India,mobile,Female,Urban,0
902,36.27,0,UK,web,Female,Rural,0
903,189.62,3,Germany,mobile,Female,Rural,1
904,587.21,2,Germany,web,Male,Rural,0
905,427.21,8,India,mobile,Female,Urban,0
906,893.74,7,Germany,web,Male,Rural,1
907,819.27,0,Germany,mobile,Male,Urban,0
908,348.4,5,Germany,web,Male,Rural,0
909,266.83,8,UK,mobile,Male,Urban,0
910,385.9,6,India,mobile,Male,Rural,0
911,594.39,3,Germany,mobile,Female,Urban,0
912,275.38,12,USA,mobile,Female,Urban,0
913,627.91,16,USA,mobile,Male,Urban,0
914,415.32,1,USA,mobile,Female,Urban,0
915,556.53,4,USA,mobile,Male,Urban,0
916,441.77,11,UK,web,Male,Urban,0
917,301.52,20,Germany,web,Male,Rural,0
918,948.97,7,India,web,Female,Rural,0
919,765.97,5,Germany,web,Male,Urban,0
920,148.71,7,UK,web,Male,Urban,0
921,869.78,17,USA,mobile,Female,Urban,0
922,492.56,2,UK,mobile,Female,Urban,0
923,895.61,21,Germany,mobile,Female,Rural,0
924,801.86,11,India,mobile,Male,Urban,0
925,430.96,2,UK,mobile,Male,Rural,0
926,32.24,21,India,web,Female,Rural,0
927,275.99,5,UK,web,Male,Urban,0
928,546.22,1,India,web,Female,Urban,0
929,637.14,22,India,web,Female,Rural,0
930,265.31,11,USA,mobile,Male,Rural,0
931,147.96,1,India,mobile,Male,Urban,0
932,836.58,5,USA,mobile,Female,Urban,0
933,984.56,16,Germany,web,Female,Urban,0
934,530.43,2,Germany,mobile,Female,Rural,0
935,179.96,1,USA,web,Female,Rural,0
936,279.58,22,USA,mobile,Male,Urban,0
937,28.21,19,UK,mobile,Female,Rural,0
938,915.16,7,UK,web,Female,Rural,0
939,126.57,21,UK,mobile,Female,Urban,0
940,580.75,11,Germany,mobile,Male,Urban,0
941,281.31,3,UK,web,Male,Rural,0
942,558.64,4,India,mobile,Female,Rural,0
943,654.91,12,India,web,Male,Urban,0
944,831.44,14,UK,mobile,Male,Urban,0
945,214.36,22,India,mobile,Male,Urban,0
946,20.89,15,Germany,mobile,Female,Urban,0
947,145.52,9,India,mobile,Female,Urban,0
948,901.02,22,Germany,mobile,Male,Rural,0
949,875.15,15,USA,mobile,Female,Rural,1
950,601.44,11,USA,mobile,Female,Rural,0
951,604.51,16,USA,mobile,Male,Rural,1
952,668.39,15,USA,web,Male,Urban,0
953,183.62,11,India,web,Female,Urban,0
954,915.27,7,UK,mobile,Male,Urban,0
955,424.58,19,India,mobile,Female,Rural,0
956,389.31,2,Germany,web,Female,Rural,0
957,523.73,15,India,mobile,Male,Rural,0
958,56.5,12,India,mobile,Female,Urban,0
959,174.62,22,Germany,web,Female,Rural,0
960,740.65,18,USA,mobile,Male,Urban,0
961,91.97,7,USA,mobile,Male,Urban,0
962,607.12,21,USA,web,Male,Urban,0
963,252.9,4,UK,mobile,Female,Urban,0
964,395.4,19,Germany,mobile,Male,Urban,0
965,295.81,7,Germany,web,Male,Urban,0
966,362.12,23,India,mobile,Male,Rural,0
967,721.86,11,UK,web,Male,Urban,0
968,304.15,0,USA,mobile,Female,Urban,0
969,570.74,20,UK,mobile,Female,Rural,0
970,481.29,19,Germany,web,Male,Urban,0
971,667.03,5,Germany,web,Female,Rural,0
972,937.46,21,India,mobile,Male,Rural,0
973,735.25,17,India,web,Male,Rural,0
974,222.79,7,Germany,web,Female,Urban,0
975,40.87,6,USA,mobile,Female,Urban,0
976,269.64,0,USA,mobile,Male,Rural,0
977,599.13,20,UK,mobile,Male,Urban,0
978,60.91,15,Germany,web,Female,Urban,0
979,501.4,11,Germany,web,Male,Rural,0
980,600.87,5,USA,web,Female,Rural,0
981,340.9,19,USA,web,Male,Urban,0
982,773.2,1,Germany,mobile,Male,Rural,0
983,115.53,13,India,web,Female,Rural,1
984,84.39,3,Germany,mobile,Female,Rural,0
985,730.91,0,Germany,web,Female,Urban,0
986,500.54,22,USA,mobile,Female,Urban,0
987,691.52,17,USA,mobile,Female,Urban,0
988,440.48,12,India,mobile,Female,Rural,0
989,253.94,1,India,web,Female,Urban,0
990,820.91,8,UK,mobile,Male,Rural,1
991,801.42,20,Germany,mobile,Male,Urban,0
992,697.75,1,USA,web,Male,Urban,0
993,279.42,8,India,mobile,Female,Rural,0
994,594.33,0,UK,web,Female,Urban,0
995,367.36,10,UK,web,Female,Rural,1
996,100.67,2,USA,mobile,Male,Urban,0
997,918.14,19,USA,mobile,Female,Urban,0
998,145.45,22,UK,web,Female,Rural,1
999,950.73,3,India,mobile,Male,Rural,0
1000,451.55,17,UK,web,Female,Rural,0
